Didymellaceae_unclassified,Talaromyces,Ascomycota_unclassified,Aspergillus,Armillaria,Debaryomyces,Sporidiobolus,Trichosporon,Alternaria,Resinicium,Alutaceodontia,Phlebia,Strobilurus,Trametes,Filobasidiaceae_unclassified,Stereum,Ceratobasidiaceae_unclassified,Golovinomyces,Sclerotiniaceae_unclassified,Coprinellus,Rhodotorula,Athelia,Pseudopithomyces,Wallemia,Phaeosphaeriaceae_unclassified,Capnodiales_unclassified,Lecanoromycetes_unclassified,Sporobolomyces,Pleosporales_unclassified,Bondarzewiaceae_unclassified,Ceramothyrium,Pholiota,Penicillium,Naganishia,Baeospora,Sistotrema,Chaetothyriales_unclassified,Candida,Erythrobasidium,Bipolaris,Pleurotus,Itersonilia,Vuilleminia,Cladosporium,Helotiales_unclassified,Didymella,Teratosphaeriaceae_unclassified,Coniothyrium,Neoascochyta,Taphrina,Polyporaceae_unclassified,Ganoderma,Aureobasidiaceae_unclassified,Toxicocladosporium,Vishniacozyma,Curvularia,Fomitopsis,Peniophora,Cryptococcus,Cyberlindnera,Leotiomycetes_unclassified,Sordariomycetes_unclassified,Saitozyma,Phlebiopsis,Typhula,Sistotremastrum,Hypocreales_unclassified,Symmetrospora,Auriculariales_unclassified,Trichoderma,Stachybotryaceae_unclassified,Cylindrobasidium,Malassezia,subject_id
0,0,0,0,0,0,0,0,0,0,0,0,0,0,0,0,0,0,0,0,0,0,0,0,0,0.2813522355507088,0,0,0.0054525627044711015,0,0,0,0,0,0,0,0,0,0,0,0,0,0,0.7131952017448201,0,0,0,0,0,0,0,0,0,0,0,0,0,0,0,0,0,0,0,0,0,0,0,0,0,0,0,0,0,1
0,0,0,0.986042905143448,0,0,0,0,0,0,0,0,0,0,0,0,0,0,0,0,0,0,0.0023261824760920135,0,0,0,0,0,0,0,0.002067717756526234,0,0,0,0,0,0,0,0,0,0,0,0,0,0.001033858878263117,0,0,0.001033858878263117,0,0,0,0,0,0,0,0,0,0,0.007495476867407599,0,0,0,0,0,0,0,0,0,0,0,0,0,0,2
0,0,0,0,0,0,0,0,0,0,0,0,0,0,0,0,0,0,0,0,0,0,0,0,0,0,0,0,0,0,0,0,0,1,0,0,0,0,0,0,0,0,0,0,0,0,0,0,0,0,0,0,0,0,0,0,0,0,0,0,0,0,0,0,0,0,0,0,0,0,0,0,0,3
0,0,0,0,0,0,0,0,0.005495603517186251,0,0,0,0,0,0,0,0,0,0,0,0,0,0.9945043964828137,0,0,0,0,0,0,0,0,0,0,0,0,0,0,0,0,0,0,0,0,0,0,0,0,0,0,0,0,0,0,0,0,0,0,0,0,0,0,0,0,0,0,0,0,0,0,0,0,0,0,4
0,0,0.14296081277213352,0.019593613933236574,0,0,0,0,0.6168359941944848,0,0,0,0,0,0,0.002902757619738752,0.005805515239477504,0,0,0,0,0,0.007982583454281567,0,0,0.08925979680696662,0,0,0,0,0.006531204644412192,0,0.01088534107402032,0.011611030478955007,0,0,0,0,0,0,0,0,0,0,0.011611030478955007,0,0,0,0.03265602322206096,0,0,0,0,0,0,0,0.0021770682148040637,0,0.03918722786647315,0,0,0,0,0,0,0,0,0,0,0,0,0,0,5
0.12639786601005437,0,0.057761362470503744,0,0,0,0,0,0,0,0,0,0,0,0,0,0,0,0.720734585000513,0,0,0,0.0012311480455524776,0,0,0,0,0,0.0014363393864778907,0,0.0011285523750897712,0,9.233610341643582e-4,0,0,0,0,0,0,0.08587257617728532,0,0.0021545090797168358,0,0,0.001333743716015184,0,0,0.0010259567046270648,0,0,0,0,0,0,0,0,0,0,0,0,0,0,0,0,0,0,0,0,0,0,0,0,0,6
0,0,0.08461538461538462,0,0,0,0,0,0.029487179487179487,0,0,0,0,0,0,0,0,0,0,0,0,0,0,0,0,0,0,0,0,0,0,0,0,0,0,0,0,0,0,0,0,0.35128205128205126,0,0.04358974358974359,0,0,0,0,0,0,0,0,0,0,0,0,0,0,0,0.46923076923076923,0,0.021794871794871794,0,0,0,0,0,0,0,0,0,0,0,7
0,0,0.04666666666666667,0.18666666666666668,0,0,0,0,0,0,0,0,0,0,0,0,0,0,0,0,0,0,0,0,0,0,0,0,0,0,0,0,0.1896969696969697,0,0,0,0,0,0,0,0,0,0,0,0,0,0,0,0,0,0,0,0,0,0,0,0.2193939393939394,0,0,0,0,0,0,0,0,0,0,0.3575757575757576,0,0,0,0,0,8
0,0,0,1,0,0,0,0,0,0,0,0,0,0,0,0,0,0,0,0,0,0,0,0,0,0,0,0,0,0,0,0,0,0,0,0,0,0,0,0,0,0,0,0,0,0,0,0,0,0,0,0,0,0,0,0,0,0,0,0,0,0,0,0,0,0,0,0,0,0,0,0,0,9
0,0,0,0,0,0,0,0,0,0,0,0,0,0,0,0,0,0,0,0,0,0,0,0,0,0,0,0,0,0,0,0,0,0,0,0,0,0,0,0,0,0,0.9525249470819473,0,0,0,0,0,0.04747505291805262,0,0,0,0,0,0,0,0,0,0,0,0,0,0,0,0,0,0,0,0,0,0,0,0,10
0,0,0,0,0,0,0,0,0,0,0,0,0,0,0,0,1,0,0,0,0,0,0,0,0,0,0,0,0,0,0,0,0,0,0,0,0,0,0,0,0,0,0,0,0,0,0,0,0,0,0,0,0,0,0,0,0,0,0,0,0,0,0,0,0,0,0,0,0,0,0,0,0,11
0,0,0,0.01938610662358643,0,0,0,0,0.8077544426494345,0,0,0,0,0,0,0,0.009693053311793215,0,0,0,0,0,0.035541195476575124,0,0,0,0,0,0.014539579967689823,0,0,0,0.024232633279483037,0,0,0,0,0,0,0,0,0,0,0,0,0,0,0,0,0,0,0,0,0,0,0,0,0,0.0888529886914378,0,0,0,0,0,0,0,0,0,0,0,0,0,0,12
0.038518933034881554,0,0.05213579556052975,0.053348255922402534,0,0,0,0,0.002518186905428092,0,0,0,0,0,0,0,0,0,0,0,0.02434247341913822,0,0,0.07582540570789031,0,0.01557545234098116,0,0,0.02480880432755083,0,5.595970900951316e-4,0,0,0,0,0,0,0.5059690356276814,0,0.014549524342473419,0,0,0,0.004756575265808618,0.03115090468196232,0.006901697444506622,0.00783435926133184,0,5.595970900951316e-4,0,0,0.046260026114530874,0,0,0.004103711994030965,0,0,0.01790710688304421,0.03721320649132624,0.0027047192687931357,0,0,0,0,0,0,0,0,0.0310576385002798,0.0013989927252378287,0,0,0,13
0,0,0.0018031013342949874,0,0,0,0,0,0,0.7371979805265055,0,0,0,0,0,0,0,0,0,0,0,0,2.7046520014424813e-4,0,0,0,0,0,0,0,0,0,0,0,0,0,0,0,0,0,0,0,0,0,0,0,0,0,0,0,0,0,0,0,0,0,0,0.26072845293905517,0,0,0,0,0,0,0,0,0,0,0,0,0,0,0,14
0,0,0,0,0,0,0,0,0,0,0,0,0,0,0,0,0,0,0,0,0,0,0,0,0,0,0,0,0,0,0,0,1,0,0,0,0,0,0,0,0,0,0,0,0,0,0,0,0,0,0,0,0,0,0,0,0,0,0,0,0,0,0,0,0,0,0,0,0,0,0,0,0,15
0,0,0.005111004631847948,0,0,0,0,0,0,0,0,0,0,0.008305382526752916,0,0,0,0,0,0,0,0,7.985944737262418e-4,0,0,0.014374700527072353,0,0,0.46590001597188946,0,0,0,0,0,0,0.16131608369270084,0,0,0,0,0,0,0,0,0,0,0,0,0,0,0.3441942181760102,0,0,0,0,0,0,0,0,0,0,0,0,0,0,0,0,0,0,0,0,0,0,16
0,0,0,0,0,0,0,0,0,0,0,0,0,0,0,0,0,0,0,0,0,0,0,0,0,0,0,0,0,0,0,0,0,0,0,0,0,0,0,0,0,0,0,0,0,0,0,0,0,0,0,0,0,0,0,0,0.9993979530403372,0,0,0,0,0,0,0,0,0,0,0,0,0,0,0,6.020469596628537e-4,17
0,0,0,0,0,0,0,0,1,0,0,0,0,0,0,0,0,0,0,0,0,0,0,0,0,0,0,0,0,0,0,0,0,0,0,0,0,0,0,0,0,0,0,0,0,0,0,0,0,0,0,0,0,0,0,0,0,0,0,0,0,0,0,0,0,0,0,0,0,0,0,0,0,18
0,0,0,0,0,0,0,0,0,0,0,0,0,0,0,0,0,0,0,0,0,0,0,0,0,0.05132317562149158,0,0,0,0,0,0,0,0,0,0,0,0,0,0,0,0,0,0,0,0,0,0,0,0,0,0.0056134723336006415,0,0,0,0.8732959101844426,0,0,0,0,0,0,0,0,0,0,0,0,0,0,0.06976744186046512,0,0,19
0,0,0,0,0,0,0,0,0,0,0,0,0,0,0,0,0,0,0,0,0,0,0,0,0,0.12758245741210583,0,0,0,0,0,0,0,0,0,0,0,0,0,0,0,0,0,0,0,0,0,0.8724175425878942,0,0,0,0,0,0,0,0,0,0,0,0,0,0,0,0,0,0,0,0,0,0,0,0,0,20
0,0,0,0,0,0,0,0,0.00779423226812159,0,0,0,0,0.9922057677318784,0,0,0,0,0,0,0,0,0,0,0,0,0,0,0,0,0,0,0,0,0,0,0,0,0,0,0,0,0,0,0,0,0,0,0,0,0,0,0,0,0,0,0,0,0,0,0,0,0,0,0,0,0,0,0,0,0,0,0,21
0,0,0,0,0,0,0,0,0,0,0,0,0,0,0,0,0,0,0,0,0,0,0,0,0,0,0,0,0,0,0,0,0,0,0,0,0,0,0,0,0,0,0,0,0,1,0,0,0,0,0,0,0,0,0,0,0,0,0,0,0,0,0,0,0,0,0,0,0,0,0,0,0,22
0,0,0,0,0,0,0,0,0,0,0,0,0,0,0,0,0,0,0,0,0,0,0,0,0,0,0,0,0,0,0,0,0,1,0,0,0,0,0,0,0,0,0,0,0,0,0,0,0,0,0,0,0,0,0,0,0,0,0,0,0,0,0,0,0,0,0,0,0,0,0,0,0,23
0,0,0,0.49381443298969074,0,0,0,0,0,0,0,0,0,0,0,0,0,0,0,0,0,0,0,0,0,0,0,0,0,0,0,0,0.49690721649484537,0,0,0,0,0,0,0,0,0,0,0,0,0,0,0,0,0,0,0,0,0,0,0,0,0,0,0,0,0,0,0,0,0,0,0,0,0,0.009278350515463918,0,0,24
0,0,0,0,0,0,0,0,0,0,0,0.051079600386722525,0,0,0,0.07444408636803093,0,0,0,0,0.21285852400902353,0,6.445375443119562e-4,0,0,0.00515630035449565,0,0,0.4331292297776346,0,6.445375443119562e-4,0,0,0,0,0,0,0,0,0,0,0,0,0,0,0,0,0,0.0012890750886239124,0,0,0,0,0,0,0.019336126329358685,0,0,0,0,9.668063164679343e-4,0,0.10860457621656462,0.02513696422816629,0,0,0,0.059458588462777955,0,0,0,0.007251047373509507,0,25
0,0,0,0,0,0,0,0,0,0,0,0,0,0,0,0,0,0,0,0,1,0,0,0,0,0,0,0,0,0,0,0,0,0,0,0,0,0,0,0,0,0,0,0,0,0,0,0,0,0,0,0,0,0,0,0,0,0,0,0,0,0,0,0,0,0,0,0,0,0,0,0,0,26
0.9214814814814815,0,0.07851851851851852,0,0,0,0,0,0,0,0,0,0,0,0,0,0,0,0,0,0,0,0,0,0,0,0,0,0,0,0,0,0,0,0,0,0,0,0,0,0,0,0,0,0,0,0,0,0,0,0,0,0,0,0,0,0,0,0,0,0,0,0,0,0,0,0,0,0,0,0,0,0,27
0,0,0,0,0,0,0,0,0,0,0,0,0,0,0,0,0,0,0,0,0,0,1.1916820592265983e-4,0,0,0,0,0,0,0,0,0,0,0,0,0.5294643389143776,0,0,0,0,0,0,0,0,0,0,0,0,0,0,0.4704164928796997,0,0,0,0,0,0,0,0,0,0,0,0,0,0,0,0,0,0,0,0,0,0,28
0,0,0.1677159846100035,0.7815669814620496,0,0,0,0,0,0,0,0,0,0,0,0,0,0,0,0,0,0,0,0,0,0.050017488632388946,0,0,0,0,6.995452955578874e-4,0,0,0,0,0,0,0,0,0,0,0,0,0,0,0,0,0,0,0,0,0,0,0,0,0,0,0,0,0,0,0,0,0,0,0,0,0,0,0,0,0,0,29
0,0,0,0,0,0,0,0,0,0,1,0,0,0,0,0,0,0,0,0,0,0,0,0,0,0,0,0,0,0,0,0,0,0,0,0,0,0,0,0,0,0,0,0,0,0,0,0,0,0,0,0,0,0,0,0,0,0,0,0,0,0,0,0,0,0,0,0,0,0,0,0,0,30
0,0,0,0,0,0,0,0,0,0,0,0,0,0,0,0,0,0,0,0,0,0,0,0,0,0.07866273352999016,0,0,0,0,0,0,0,0,0,0,0,0,0,0,0,0,0,0,0,0.2581120943952802,0,0,0,0,0,0,0,0,0,0.6583087512291053,0,0,0,0,0,0,0,0,0,0,0.004916420845624385,0,0,0,0,0,0,31
0,0,1,0,0,0,0,0,0,0,0,0,0,0,0,0,0,0,0,0,0,0,0,0,0,0,0,0,0,0,0,0,0,0,0,0,0,0,0,0,0,0,0,0,0,0,0,0,0,0,0,0,0,0,0,0,0,0,0,0,0,0,0,0,0,0,0,0,0,0,0,0,0,32
0,0,0,0,0,0,0,0,0,0,0,0,0,0,0,0,0,0,0,0,0,0,0,0,0,0,0,0,0,0,0,0,0,0,0,0,0,0.9974099974099974,0,0,0,0,0,0,0,0,0,0,0,0,0,0,0,0,0,0,0,0,0.00259000259000259,0,0,0,0,0,0,0,0,0,0,0,0,0,0,33
0,0,0,0,0,0,0,0,0,0,0,0,0,0,0,0,0,0,0,0,0,0,0,0,0,0,0,0,1,0,0,0,0,0,0,0,0,0,0,0,0,0,0,0,0,0,0,0,0,0,0,0,0,0,0,0,0,0,0,0,0,0,0,0,0,0,0,0,0,0,0,0,0,34
0,0,1,0,0,0,0,0,0,0,0,0,0,0,0,0,0,0,0,0,0,0,0,0,0,0,0,0,0,0,0,0,0,0,0,0,0,0,0,0,0,0,0,0,0,0,0,0,0,0,0,0,0,0,0,0,0,0,0,0,0,0,0,0,0,0,0,0,0,0,0,0,0,35
0,0,0.012009512485136742,0,0,0,0,0,0,0,0,0,0,0,0,0,0,0,0,0,0.9595719381688466,0,0,0,0,0,0,0,0,0,0,0,0,0,0,0,0,0,0,0,0,0,0,0.028418549346016647,0,0,0,0,0,0,0,0,0,0,0,0,0,0,0,0,0,0,0,0,0,0,0,0,0,0,0,0,0,36
0,0,0,0,0,0,0,0,0,0,0,0,0,0,0,0,0,0,0,0,0,0,0,0,0,0,0,0,0,0,0.9998813549267367,0,0,0,0,1.1864507326333274e-4,0,0,0,0,0,0,0,0,0,0,0,0,0,0,0,0,0,0,0,0,0,0,0,0,0,0,0,0,0,0,0,0,0,0,0,0,0,37
2.095411049800936e-4,0,0,0,0,0,0,0,0,0,0,0,0,0,0.9997904588950199,0,0,0,0,0,0,0,0,0,0,0,0,0,0,0,0,0,0,0,0,0,0,0,0,0,0,0,0,0,0,0,0,0,0,0,0,0,0,0,0,0,0,0,0,0,0,0,0,0,0,0,0,0,0,0,0,0,0,38
0,0,0.8953107960741549,0.03271537622682661,0,0,0.020719738276990186,0,0,0,0.010905125408942203,0.009814612868047983,0.009814612868047983,0,0,0,0,0,0,0,0,0,0,0,0,0,0,0,0,0,0,0,0.003271537622682661,0,0,0,0,0,0,0,0,0,0,0,0,0.017448200654307525,0,0,0,0,0,0,0,0,0,0,0,0,0,0,0,0,0,0,0,0,0,0,0,0,0,0,0,39
0,0,0,1,0,0,0,0,0,0,0,0,0,0,0,0,0,0,0,0,0,0,0,0,0,0,0,0,0,0,0,0,0,0,0,0,0,0,0,0,0,0,0,0,0,0,0,0,0,0,0,0,0,0,0,0,0,0,0,0,0,0,0,0,0,0,0,0,0,0,0,0,0,40
0,0,0,0.025587168226083635,0,0,0,0,0,0,0,0,0,0,0,0,0.004582776398701547,0,0,0,0,0,0,0,0,0,0,0,0,0,0,0.9698300553752148,0,0,0,0,0,0,0,0,0,0,0,0,0,0,0,0,0,0,0,0,0,0,0,0,0,0,0,0,0,0,0,0,0,0,0,0,0,0,0,0,0,41
0,0,0,0.04896421845574388,0,0,0,0.013182674199623353,0,0,0.015065913370998116,0.00847457627118644,0,0,0,0,0,0,0,0,0,0,0,0,0.002824858757062147,0,0,0,0.005649717514124294,0.002824858757062147,0,0.004708097928436911,0,0.038606403013182675,0.004708097928436911,0,0,0,0,0,0,0,0,0,0,0.02448210922787194,0,0,0,0,0,0,0,0,0,0,0,0,0,0,0,0,0,0,0,0,0.8305084745762712,0,0,0,0,0,0,42
0,0,0,0,0,0,0,0,0,0,0,0,0,1,0,0,0,0,0,0,0,0,0,0,0,0,0,0,0,0,0,0,0,0,0,0,0,0,0,0,0,0,0,0,0,0,0,0,0,0,0,0,0,0,0,0,0,0,0,0,0,0,0,0,0,0,0,0,0,0,0,0,0,43
0,0,0,5.904494796663961e-4,0,0,0,0,0,0,0,0,0,0,0,0,0,0,0.9994095505203336,0,0,0,0,0,0,0,0,0,0,0,0,0,0,0,0,0,0,0,0,0,0,0,0,0,0,0,0,0,0,0,0,0,0,0,0,0,0,0,0,0,0,0,0,0,0,0,0,0,0,0,0,0,0,44
0,0,0,0,0,0,0,0,0,0,0.9965138106731027,0,0,0,0,0,0,0,0,0,0,0,0,0,0,0,0,0,0,0,0,0,0,0.0034861893268972916,0,0,0,0,0,0,0,0,0,0,0,0,0,0,0,0,0,0,0,0,0,0,0,0,0,0,0,0,0,0,0,0,0,0,0,0,0,0,0,45
0,0,0,0.0031014621178555605,0,0,0,0,0,0,0,0,0.309260079751883,0,0,0,0,0,0,0,0.4155959237926451,0.0017722640673460345,0,0,0,0,0,0,0,0,0,0,0,0.0101905183872397,0,0,0,0,0,0,0,0,0,0,0,0,0,0,0,0,0,0,0.052724856003544526,0,0,0.011076650420912717,0,0,0,0.07576428887904298,0,0,0,0,0,0.11918475852902083,0,0,0,0,0,0,0.001329198050509526,46
0,0,0,0,0,0,0,0,0,0,0,0,0,0,0,0,0,0,0,0,0,0,0,0,0,0.015655929458340833,0,0,0,0,0,0,0,0,0.9843440705416592,0,0,0,0,0,0,0,0,0,0,0,0,0,0,0,0,0,0,0,0,0,0,0,0,0,0,0,0,0,0,0,0,0,0,0,0,0,0,47
0,0,0,0.02491103202846975,0,0,0,0,0,0,0,0,0,0,0,0,0,0,0,0,0,0,0,0,0,0,0.0071174377224199285,0,0,0,0,0,0,0,0,0,0,0,0,0,0,0,0,0,0,0,0,0,0,0,0,0,0,0,0,0,0,0,0,0,0.9679715302491103,0,0,0,0,0,0,0,0,0,0,0,0,48
0,0,0,0,0,0,0,0,0,0,0,0,0,0,0,0,0,0,0,0,0,0,0,0,0,0,0,0,0,0,0,0,1,0,0,0,0,0,0,0,0,0,0,0,0,0,0,0,0,0,0,0,0,0,0,0,0,0,0,0,0,0,0,0,0,0,0,0,0,0,0,0,0,49
0,2.8924026224450445e-4,0,0,0,0,0,0,0,0,0,0,0,0,0,0,0,0,0,0,0,0,0,0,0,0,0,0,0,0.9922869263401466,0,0,0,0,0,0,0,0,0,0,0,0,0,0,0,0,0,0,0,0,0,0,0,0,0,0,0,0,0,0,0,0,0,0,0,0.007423833397608947,0,0,0,0,0,0,0,50
0,0,0,0.026599113362887904,0,0,0,0,0.9366687777074097,0,0.005699810006333122,0.006333122229259025,0.008866371120962635,0,0,0,0,0,0,0,0,0,0,0,0,0,0,0,0,0.00506649778340722,0,0.004433185560481318,0.006333122229259025,0,0,0,0,0,0,0,0,0,0,0,0,0,0,0,0,0,0,0,0,0,0,0,0,0,0,0,0,0,0,0,0,0,0,0,0,0,0,0,0,51
1,0,0,0,0,0,0,0,0,0,0,0,0,0,0,0,0,0,0,0,0,0,0,0,0,0,0,0,0,0,0,0,0,0,0,0,0,0,0,0,0,0,0,0,0,0,0,0,0,0,0,0,0,0,0,0,0,0,0,0,0,0,0,0,0,0,0,0,0,0,0,0,0,52
0,0,0,0.674412915851272,0,0,0,0,0,0,0,1.223091976516634e-4,0,0,0,0,0,0,0,0,0,0,0,0,0,0,0,0,0,0,0,0,0,0,0,0,0,0.27213796477495106,0,0,0,0,0,0,0,0,0,0,0,0,0,0,0,0,0,0,0,0,0,0,0,0,0,0.05332681017612524,0,0,0,0,0,0,0,0,0,53
0,0,0,4.485869511040223e-4,0,0,0.9739321138413995,0,0,0,0,1.9937197826845436e-4,0,0,0,0,0,0,0,0,0,0,0,0,0,0,0,0,0,0,0,0,0,0,0,0,0,0,0,0,0,0,0,0,0,0,0,0,0,0,0,0,0.025419927229227934,0,0,0,0,0,0,0,0,0,0,0,0,0,0,0,0,0,0,0,0,54
0,0,0,0,0,0.04312456263121064,0,0,0,3.498950314905528e-4,0,0,2.624212736179146e-4,0,0,0,0,0,0,0,0,0,0,0,0,0,0,0.9562631210636809,0,0,0,0,0,0,0,0,0,0,0,0,0,0,0,0,0,0,0,0,0,0,0,0,0,0,0,0,0,0,0,0,0,0,0,0,0,0,0,0,0,0,0,0,0,55
0,0,0.0030823425803610744,0.4187582562747688,0,0,0,0,0,0,0,0,0.3000880669308675,0,0,0,0,0,0,0,0,0,0,0,0,0,0,0,0,0,0,0,0,0,0,0,0.01893439013650374,0,0,0,0,0,0,0,0,0,0,0,0,0,0,0,0,0,0,0,0,0.2591369440774989,0,0,0,0,0,0,0,0,0,0,0,0,0,0,0,56
0,0,0,0.021929151970556664,0,0,0,0,0,0,0,0,0,0,0,0,0,0,0,0,0,0,0,0,0,0,0,0,0,0,0,0,0.0368041711393958,0,0,0,0,0,0,0,0,0,0,0,0,0.8731789602821654,0,0,0,0,0,0,0,0,0,0.06808771660788222,0,0,0,0,0,0,0,0,0,0,0,0,0,0,0,0,0,57
0.009885419006964727,0,0,0.14378791282857784,0,0,0,0,0,0,0,0.0013480116827679174,0,0,0,0,0,0,0,0,0,0.22421927656706359,0,0,0,0,0,0,0.4545046057065828,0,0,0,0,0,0,0,0,0,0,0.08335205571781622,0,0,0,0,0,0,0,0,0,0,0,0.07503931700741406,0,0,0,8.986744551786115e-4,0,0,0,0,0,0.006964727027634239,0,0,0,0,0,0,0,0,0,0,0,58
0.8983795244585794,0,0,0.0074208693018325,0,0,0.0013630168105406633,0.002120248371952143,0,0,0.0015144631228229592,9.086778736937755e-4,0.0013630168105406633,0,0,0,0,0,0.00484628199303347,0,0,0,0,0,0,0,0,0,7.572315614114796e-4,9.086778736937755e-4,0,0,3.0289262456459186e-4,0,9.086778736937755e-4,0,0,0,0,7.572315614114796e-4,0,0,0,0.0784491897622293,0,0,0,0,0,0,0,0,0,0,0,0,0,0,0,0,0,0,0,0,0,0,0,0,0,0,0,0,0,59
1,0,0,0,0,0,0,0,0,0,0,0,0,0,0,0,0,0,0,0,0,0,0,0,0,0,0,0,0,0,0,0,0,0,0,0,0,0,0,0,0,0,0,0,0,0,0,0,0,0,0,0,0,0,0,0,0,0,0,0,0,0,0,0,0,0,0,0,0,0,0,0,0,60
0,0,0,0,0,0,0,0,0,0,0,0,1,0,0,0,0,0,0,0,0,0,0,0,0,0,0,0,0,0,0,0,0,0,0,0,0,0,0,0,0,0,0,0,0,0,0,0,0,0,0,0,0,0,0,0,0,0,0,0,0,0,0,0,0,0,0,0,0,0,0,0,0,61
0,0.017595307917888565,0,0.02412689949346841,0,0,0.002932551319648094,0,0,0,0,0,0,0,0,0.002932551319648094,0,0,0,0,0,0,0,0,0,0,0.0018661690215942416,0.0013329778725673154,0.5319914689416155,0.001466275659824047,0,0,0.0030658491069048255,0,0.0019994668088509733,0.0022660623833644362,0,0,0,0.00786456944814716,0,0,0,0,0,0.012663289789389496,0,0,0,0.002932551319648094,0,0,0,0,2.6659557451346307e-4,0.36950146627565983,0,0,0,0,3.998933617701946e-4,0,0,0.0018661690215942416,0.00866435617168755,0,0,0,0.004265529192215409,0,0,0,0,62
0,0,0,0,0,0,0,0,0,0,0,0,0,0,0,0,0,0,0,0,0,0,0,0,0,0,0,0,0,0,0,0,1,0,0,0,0,0,0,0,0,0,0,0,0,0,0,0,0,0,0,0,0,0,0,0,0,0,0,0,0,0,0,0,0,0,0,0,0,0,0,0,0,63
0,0,0,0,0,0,0,0,0.0045632333767926985,0,0,0.12972620599739243,0,0.33996088657105605,0,0,0,0,0,0,0,0,0,0,0,0,0,0,0,0,0,0,0,0,0,0,0,0,0,0,0.22718383311603652,0,0,0.020860495436766623,0,0,0,0,0,0,0,0,0.025097783572359842,0.007822685788787484,0,0,0,0,0,0,0,0,0,0,0,0.24478487614080835,0,0,0,0,0,0,0,64
0,2.844545583842981e-4,0,0.08832314037832456,0,0,0,0,0,0,0,0,0.06627791210354146,0.1418005973545726,0,0,0,0,0,0,0.30294410467927746,0,0,0,0,0,0,0,0,0,0,0,0.002275636467074385,0,0,0,0,0.09643009529227706,0,0,0,0,0,0.004266818375764472,0,0,0,0,0,0,0,0,0,0.016925046223865738,0,0.08106954913952497,0,0,0,0,0,0,0,0.13838714265396104,0,0,0,0.06101550277343194,0,0,0,0,0,65
0,0,0.008807961041710777,0,0,0,0,0.9898793139953419,0,0,0,0,1.693838661867457e-4,0,0,0,0,0,0,0,0,0,0,0,0,0,0,0,0,0,0,0,0,0,0,0,0,0,0,0,0,0,0,0,0,4.658056320135507e-4,0,5.504975651069235e-4,0,0,0,0,0,0,0,0,0,0,0,0,0,0,0,0,1.270378996400593e-4,0,0,0,0,0,0,0,0,66
0,0,0,6.178386879352954e-4,0,0,0,0,0,0.9976971467086048,0,0,0,0,0,0,0,0,0,0,0,0,0,0,0,0,0,0,0,0,0,0,0,0,0,0,0,0,0,0,0,0,0.0016850146034598967,0,0,0,0,0,0,0,0,0,0,0,0,0,0,0,0,0,0,0,0,0,0,0,0,0,0,0,0,0,0,67
0,0.08888888888888889,0,0.8666666666666667,0,0,0,0,0,0,0,0,0,0,0,0,0,0,0,0,0,0,0,0,0,0,0,0,0,0,0,0,0,0,0,0,0,0,0,0,0.044444444444444446,0,0,0,0,0,0,0,0,0,0,0,0,0,0,0,0,0,0,0,0,0,0,0,0,0,0,0,0,0,0,0,0,68
0,0,0,0.6728742027668957,0,0.0020250193985503133,0,0,0,0,0,2.460303942163932e-4,1.3247790457805787e-4,3.785082987944511e-5,0,0,0,0,0,0.004390696266015633,0,0,0.01230151971081966,0.2670943810443044,0,7.759420125286247e-4,0,0,0.0040500387971006266,0,0.0010030469918052953,0,0.003974337137341737,3.028066390355609e-4,0,0,0,0.0064157156645659455,0,0,0,0,0,0.005734400726735933,0,3.028066390355609e-4,0,0,0,0,0,7.570165975889022e-5,0,3.595828838547285e-4,0,2.460303942163932e-4,0,0.00363367966842673,0.005299116183122315,0,0,0,0,1.5140331951778044e-4,0,0,0,0,0.008440735063116258,0,0,0,1.3247790457805787e-4,69
0,0,0,0,1,0,0,0,0,0,0,0,0,0,0,0,0,0,0,0,0,0,0,0,0,0,0,0,0,0,0,0,0,0,0,0,0,0,0,0,0,0,0,0,0,0,0,0,0,0,0,0,0,0,0,0,0,0,0,0,0,0,0,0,0,0,0,0,0,0,0,0,0,70
0,0,0,0,4.8023051064510964e-4,0,0,0,0,0,0,0,0,0,0,0,0,0.9979190011205379,0,0,0,0,0,0,0,0,0,0,0,0,0,0,0,0,0,0,0,0,0,0,0,0,0,0,9.604610212902193e-4,0,0,0,0,0,0,0,0,0,0,0,0,0,0,0,0,0,0,0,0,0,0,0,0,0,0,6.403073475268129e-4,0,71
0,0,0,5.212599597885174e-4,4.467942512473006e-4,0,0,0,0.045796410752848314,0,0,0,0,0,0,0,0,0,0,0,0,0,0,0.45714498473452975,0,0.014893141708243353,0,0,0,0,0,0,0,2.978628341648671e-4,0,0,0,2.978628341648671e-4,0,0,0,0,0,0.02628639511504952,0.19301511653883388,0,0,0,0,0,0.11437932831930896,0,0,0,0,0,0,0,0,0.1381338893439571,0,0,0,0,0,0,0,0,0,0,0.008116762230992627,6.701913768709509e-4,0,72
0.7746969151362382,0,0,0,0,0,0,0,0,0.04069139359020526,0,4.801344376425399e-4,0,0,0,0,0,0,0,0,0,0,0,0,0,0,0,0,0,0,0,0,0,0,0,0,0,0,0,0,0,0,0,0,0.0020405713599807944,0,0,0,0,0,0,0,0,0,0,0.18209098547593325,0,0,0,0,0,0,0,0,0,0,0,0,0,0,0,0,0,73
0,0,0,0,0,0,0,0,0,0,0,1,0,0,0,0,0,0,0,0,0,0,0,0,0,0,0,0,0,0,0,0,0,0,0,0,0,0,0,0,0,0,0,0,0,0,0,0,0,0,0,0,0,0,0,0,0,0,0,0,0,0,0,0,0,0,0,0,0,0,0,0,0,74
0,0,0,0.03943392054249281,6.633743642662343e-4,0,0,0,0,0,0,4.422495761774895e-4,0,0,0,0.13495982899683054,0,0,0,0,0,0,0,0,0,0.028967347239625563,0,0,0.1326011645905506,0,0,0,0,0,0,0,0,0.1364339942507555,0.044446082405837695,0,0,0,0,0,0.0011056239404437238,0,0.023291811012014448,0,0.3290336846760522,0.0013267487285324685,0,0,0,0.021006854868430753,0,0.010171740252082258,0,0.09574703324242648,0,0,0,0,0,0,0,0,0,0,0,0,0,3.6854131348124124e-4,0,75
0,0,0.9997036409822184,0,0,1.2701100762066046e-4,0,0,0,0,0,0,0,0,0,0,0,0,0,0,0,1.6934801016088062e-4,0,0,0,0,0,0,0,0,0,0,0,0,0,0,0,0,0,0,0,0,0,0,0,0,0,0,0,0,0,0,0,0,0,0,0,0,0,0,0,0,0,0,0,0,0,0,0,0,0,0,0,76
0,0,0,0,0,0,0,0,0,0,0,0,0,0,0,0,0,0,0,0,0,0,0,0,0,0,0,0,0,0,0,0,0,0,0,0,0,0,0,0,0,0,0,0,0,0,0,0,0,0,0,0,0,0,1,0,0,0,0,0,0,0,0,0,0,0,0,0,0,0,0,0,0,77
0,0,1,0,0,0,0,0,0,0,0,0,0,0,0,0,0,0,0,0,0,0,0,0,0,0,0,0,0,0,0,0,0,0,0,0,0,0,0,0,0,0,0,0,0,0,0,0,0,0,0,0,0,0,0,0,0,0,0,0,0,0,0,0,0,0,0,0,0,0,0,0,0,78
0,0,0.9995755517826825,0,0,0,0,0,0,0,0,0,0,0,0,4.2444821731748726e-4,0,0,0,0,0,0,0,0,0,0,0,0,0,0,0,0,0,0,0,0,0,0,0,0,0,0,0,0,0,0,0,0,0,0,0,0,0,0,0,0,0,0,0,0,0,0,0,0,0,0,0,0,0,0,0,0,0,79
0,0,1,0,0,0,0,0,0,0,0,0,0,0,0,0,0,0,0,0,0,0,0,0,0,0,0,0,0,0,0,0,0,0,0,0,0,0,0,0,0,0,0,0,0,0,0,0,0,0,0,0,0,0,0,0,0,0,0,0,0,0,0,0,0,0,0,0,0,0,0,0,0,80
0,0,0,0.9997886728655959,0,2.1132713440405747e-4,0,0,0,0,0,0,0,0,0,0,0,0,0,0,0,0,0,0,0,0,0,0,0,0,0,0,0,0,0,0,0,0,0,0,0,0,0,0,0,0,0,0,0,0,0,0,0,0,0,0,0,0,0,0,0,0,0,0,0,0,0,0,0,0,0,0,0,81
0,0,0,0,0,0,0,0,0,0,0,0,0,0,0,0,0,0,0,0,0,0,0,0,0,1,0,0,0,0,0,0,0,0,0,0,0,0,0,0,0,0,0,0,0,0,0,0,0,0,0,0,0,0,0,0,0,0,0,0,0,0,0,0,0,0,0,0,0,0,0,0,0,82
0,0,1,0,0,0,0,0,0,0,0,0,0,0,0,0,0,0,0,0,0,0,0,0,0,0,0,0,0,0,0,0,0,0,0,0,0,0,0,0,0,0,0,0,0,0,0,0,0,0,0,0,0,0,0,0,0,0,0,0,0,0,0,0,0,0,0,0,0,0,0,0,0,83
0,0,0,0,0,0.9999140228699166,0,0,0,0,0,0,0,0,0,0,0,0,0,0,0,0,0,0,0,0,0,0,0,0,0,0,0,0,0,0,8.597713008339781e-5,0,0,0,0,0,0,0,0,0,0,0,0,0,0,0,0,0,0,0,0,0,0,0,0,0,0,0,0,0,0,0,0,0,0,0,0,84
0.2044897189209583,0,0,0,0.012733446519524618,0,0,0,0,0,0,0,2.829654782116582e-4,0,0,0,0,0,0,0,0,0,0,0,0,0,0,0,0,0,0,0,0,0.12978683267308055,0,0,0,0,0,0,1.8864365214110544e-4,0.5710243350311262,0,0,0,0,0,0,0,0,0,0,0.004621769477457084,0,0,0,0,0,0,0,0,0,0,0,0.07687228824750048,0,0,0,0,0,0,0,0,85
0,0,0,0,0,0,0,0,0,0,0,0,0,0,0,0,0,0,0,0,0,0,0,0,0,0,0,0,0,0,0,0,0.9994982438534872,0,0,0,0,0,0,0,0,0,0,0,0,0,0,0,0,0,0,0,0,0,0,5.017561465127947e-4,0,0,0,0,0,0,0,0,0,0,0,0,0,0,0,0,0,86
0,0,0,0,0,0,0,0,0.282640586797066,0,0,0,0,0,0,0,0,0,0,0,0,4.889975550122249e-4,0,0,0,0,0,0,0.3581907090464548,0,0,0,0,0,0,0,0,0,0,0,0,0,0,0,0,0,0,0,0,0,0,0,0,0.358679706601467,0,0,0,0,0,0,0,0,0,0,0,0,0,0,0,0,0,0,0,87
0,0,0.48915441176470587,0,0,0,0,0,0,0,0,0,0,0,0,0,0,0,0,0,0.5108455882352941,0,0,0,0,0,0,0,0,0,0,0,0,0,0,0,0,0,0,0,0,0,0,0,0,0,0,0,0,0,0,0,0,0,0,0,0,0,0,0,0,0,0,0,0,0,0,0,0,0,0,0,0,88
0,0,0.28538723546820033,0.055446981964375454,0,0,0,0,0,0,0,0,0,0,0,0,0,0,0,0,0,0,0,0,0,0.6591657825674242,0,0,0,0,0,0,0,0,0,0,0,0,0,0,0,0,0,0,0,0,0,0,0,0,0,0,0,0,0,0,0,0,0,0,0,0,0,0,0,0,0,0,0,0,0,0,0,89
0,2.188662727073758e-4,0,0,0,0,0,0,0,0,0,0,0,0,0.48763405559203327,0,0,0,0,0,0,0,0,0,0,0,0,0,0,0,0,0,0,0.5121470781352594,0,0,0,0,0,0,0,0,0,0,0,0,0,0,0,0,0,0,0,0,0,0,0,0,0,0,0,0,0,0,0,0,0,0,0,0,0,0,0,90
0,0,0,0,0,0,0,0,0,0,0,0,0,0,0,0,0,0,0,0,0.6218523878437048,0,0,0,0,0,0,0,0.0030390738060781476,0,0,0,0,0,0,0,0,0,0,0,0,0,0,0,0,0,0,0,0,0,0,0,0,0,0,0,0,0,0.3298118668596237,0.004341534008683068,0,0.04095513748191028,0,0,0,0,0,0,0,0,0,0,0,91
0,0,1,0,0,0,0,0,0,0,0,0,0,0,0,0,0,0,0,0,0,0,0,0,0,0,0,0,0,0,0,0,0,0,0,0,0,0,0,0,0,0,0,0,0,0,0,0,0,0,0,0,0,0,0,0,0,0,0,0,0,0,0,0,0,0,0,0,0,0,0,0,0,92
0,0,0,0.2732460557233971,0,0,0,0,0.30614300100704933,0,0,0,0,0.2017455521987244,0,0,0,0,0,0,0,0,0,0,0,0.009399127223900638,0,0,0,0,0.15609264853977844,0,0,0,0,0,0,0,0,0,0,0,0,0,0,0,0,0,0.05337361530715005,0,0,0,0,0,0,0,0,0,0,0,0,0,0,0,0,0,0,0,0,0,0,0,0,93
0,0,0,0.03224704515952723,0,2.73280043724807e-4,0,0,0.6469221835075494,0,0,0,0,0,0,0,0,2.73280043724807e-4,0,0,0,0,0,0,0,0.13014962082393933,0,0,0.001366400218624035,0,0,0,0,0,0,0,2.0496003279360525e-4,0,0,0,0,0,0,0,0,0,0.18856323017011684,0,0,0,0,0,0,0,0,0,0,0,0,0,0,0,0,0,0,0,0,0,0,0,0,0,0,94
0,0,0,0,0,0,0,0,0,0,0,0,0,0,0,0,0,0,0,0,0,0,0,0,0,0,0,0,1,0,0,0,0,0,0,0,0,0,0,0,0,0,0,0,0,0,0,0,0,0,0,0,0,0,0,0,0,0,0,0,0,0,0,0,0,0,0,0,0,0,0,0,0,95
0,0,0,0,0,0,0,0,0,0,0,0,0,0,0,0,0,0,0,0,0,0,0,0,0,0,0,0,0,0,0,0,0,0,0,0,0,0,0,0,0,0,0,1,0,0,0,0,0,0,0,0,0,0,0,0,0,0,0,0,0,0,0,0,0,0,0,0,0,0,0,0,0,96
0,0,0,0,0,0,0,0,0,0,0,0,0,0,0,0,0,0,0,0,0.7243011129611778,0,0,0,0,0,0,0,0,0,0,0,0,0,0,0,0,0,0,0,0,0,0,0,0,0,0,0,0,0,0,0,0.27569888703882217,0,0,0,0,0,0,0,0,0,0,0,0,0,0,0,0,0,0,0,0,97
0,0,1,0,0,0,0,0,0,0,0,0,0,0,0,0,0,0,0,0,0,0,0,0,0,0,0,0,0,0,0,0,0,0,0,0,0,0,0,0,0,0,0,0,0,0,0,0,0,0,0,0,0,0,0,0,0,0,0,0,0,0,0,0,0,0,0,0,0,0,0,0,0,98
0,0,1,0,0,0,0,0,0,0,0,0,0,0,0,0,0,0,0,0,0,0,0,0,0,0,0,0,0,0,0,0,0,0,0,0,0,0,0,0,0,0,0,0,0,0,0,0,0,0,0,0,0,0,0,0,0,0,0,0,0,0,0,0,0,0,0,0,0,0,0,0,0,99
0,0,0.5468833600856072,0,0,0,0,0,0.23836276083467095,0,0,0,0,0,0,0,0,0,0,0,0,0,0,0,0,0,0,0,0,0,0,0,0.21475387907972177,0,0,0,0,0,0,0,0,0,0,0,0,0,0,0,0,0,0,0,0,0,0,0,0,0,0,0,0,0,0,0,0,0,0,0,0,0,0,0,0,100
0,0,0,0,0,0,0,0,0,0,0,0,0,0,0,0,0,0,0,0,0,0,0,0,0,0.10703435382098621,0,0,0,0,0,0,0,0,0,0,0,0,0,0,0,0,0,0,0,0,0,0,0,0,0,0,0,0.89296564617901375,0,0,0,0,0,0,0,0,0,0,0,0,0,0,0,0,0,0,0,101
0,0,0,1,0,0,0,0,0,0,0,0,0,0,0,0,0,0,0,0,0,0,0,0,0,0,0,0,0,0,0,0,0,0,0,0,0,0,0,0,0,0,0,0,0,0,0,0,0,0,0,0,0,0,0,0,0,0,0,0,0,0,0,0,0,0,0,0,0,0,0,0,0,102
0,0,0,0.005091806819935195,0,0,0,0,0,0,0,0,0,0,0,0,0,0,0,0,0.20305508409196113,0,0,0,0.14210769942910045,0.03055084091961117,0,0,0.12698657614565653,0,0,0,0.0427403178521833,0,0,0,0,0,0,0,0,0,0,0.02576762845239932,0,0,0,0,0,0,0,0,0,0,0,0.08841228205523839,0,0,0,0,0.22126215090263848,0.01975003857429409,0.07128529547909274,0,0,0,0.022990279277889214,0,0,0,0,0,0,103
0,0.08696599825632084,0.003124091833769253,0.024193548387096774,0,0,0,0,0.0017436791630340018,0.11203138622493461,0,5.085730892182505e-4,7.991862830572508e-4,0,0.017000871839581516,0,0,0,0.09917175239755885,0,0.04809648358035455,0,0,0,0,0.016492298750363267,0,0,0.028480092996222027,0,0,0,0.1079628015111886,0,0,0,0,0.16405114792211567,0,0,4.3591979075850045e-4,0,0,0,0,0.07170880557977333,0,0,0,0,0,0,0,0,0,0.1044754431851206,0,0,0,0.005812263876780006,0,0,0.08275210694565534,0,0.024193548387096774,0,0,0,0,0,0,0,0,104
0,0,0,0,0,0,0,0,0,0,0,0,0,0,0,0,0,0,0,0,0,0,0,0,0,0,0,0,0,1,0,0,0,0,0,0,0,0,0,0,0,0,0,0,0,0,0,0,0,0,0,0,0,0,0,0,0,0,0,0,0,0,0,0,0,0,0,0,0,0,0,0,0,105
0,0,0,0,0,0,0,0,0,0,0,0,1,0,0,0,0,0,0,0,0,0,0,0,0,0,0,0,0,0,0,0,0,0,0,0,0,0,0,0,0,0,0,0,0,0,0,0,0,0,0,0,0,0,0,0,0,0,0,0,0,0,0,0,0,0,0,0,0,0,0,0,0,106
0,0,0,0,0,0,0,0,0,0,0,0,0,0,0,0,0,0,0,0,0,0,0,0,0,0,0,0,1,0,0,0,0,0,0,0,0,0,0,0,0,0,0,0,0,0,0,0,0,0,0,0,0,0,0,0,0,0,0,0,0,0,0,0,0,0,0,0,0,0,0,0,0,107
0,0,0.03500860867426416,2.459621218332377e-4,0,0,0,0,0.00926457325571862,0,0,0,0,0,0,0,0,0,0,0,0,0,0,0,0,0,0,0,0,0,0,2.459621218332377e-4,0,0.30318930884643763,0,0,0,0,0,0,0,0,0.0021316717225547265,0,0,0,0,0,0,0,0,0.6344182995818644,0,0,0,0.015495613675493973,0,0,0,0,0,0,0,0,0,0,0,0,0,0,0,0,0,108
0,0,0.021317437866235602,0,0,0,0,0,0,0,0,0.9781774095776925,5.051525560719338e-4,0,0,0,0,0,0,0,0,0,0,0,0,0,0,0,0,0,0,0,0,0,0,0,0,0,0,0,0,0,0,0,0,0,0,0,0,0,0,0,0,0,0,0,0,0,0,0,0,0,0,0,0,0,0,0,0,0,0,0,0,109
0,0,0,1,0,0,0,0,0,0,0,0,0,0,0,0,0,0,0,0,0,0,0,0,0,0,0,0,0,0,0,0,0,0,0,0,0,0,0,0,0,0,0,0,0,0,0,0,0,0,0,0,0,0,0,0,0,0,0,0,0,0,0,0,0,0,0,0,0,0,0,0,0,110
0.9985892785167271,0,0,0,0,0,0,0,0,0,0,0,0,0,0,0,0,0,0,0,0,0,3.022974607013301e-4,0,0,0,0,0,0,0,0,0,0.0011084240225715438,0,0,0,0,0,0,0,0,0,0,0,0,0,0,0,0,0,0,0,0,0,0,0,0,0,0,0,0,0,0,0,0,0,0,0,0,0,0,0,0,111
0,0,0,0.9718076285240465,0,0,0,0,0,0,0,0,0,0,0,0,0,0,0,0,0.003316749585406302,0,0.008291873963515755,0,0,0,0,0,0,0,0,0,0,0,0,0,0,0,0,0,0,0,0,0,0,0,0,0,0,0,0,0,0,0,0,0,0,0,0,0,0,0,0,0,0,0,0,0,0,0.01658374792703151,0,0,0,112
0,0,0,0,0,0,0,0,1,0,0,0,0,0,0,0,0,0,0,0,0,0,0,0,0,0,0,0,0,0,0,0,0,0,0,0,0,0,0,0,0,0,0,0,0,0,0,0,0,0,0,0,0,0,0,0,0,0,0,0,0,0,0,0,0,0,0,0,0,0,0,0,0,113
0,0,0,0.4302390216787104,0,0,0,0,0,0,0,0,0,0,0,0,0,0,0,0,0.5025940337224384,0,0,0,0,0,0,0,0,0,0,0,0,0,0,0,0,0,0,0,0,0,0,0,0,0.0669816564758199,0,0,0,0,0,0,0,0,0,0,0,0,0,0,0,0,0,0,0,0,0,0,0,0,0,0,1.8528812303131369e-4,114
0.03744280036073349,0.6216640502354788,0.0967634189518688,0,0,0,0,0,0,0,0.051137312535488824,0,0,0,0,0,0,0,0,0,0,2.6720999365376265e-4,0,0,0,0.006780453588964227,0.011490029727111793,0,0,0,0,0,0,0,0,0,0,0,0,0,0,0,0,0,0.03684157787501253,0,0,0,0,0.13761314673168776,0,0,0,0,0,0,0,0,0,0,0,0,0,0,0,0,0,0,0,0,0,0,0,115
0,0,1,0,0,0,0,0,0,0,0,0,0,0,0,0,0,0,0,0,0,0,0,0,0,0,0,0,0,0,0,0,0,0,0,0,0,0,0,0,0,0,0,0,0,0,0,0,0,0,0,0,0,0,0,0,0,0,0,0,0,0,0,0,0,0,0,0,0,0,0,0,0,116
0,0,0.7665719696969697,0,0,0,0,0,0,0,0,0,0,0,0,0,0,0,0,0,0,0,0,0,0,0.2334280303030303,0,0,0,0,0,0,0,0,0,0,0,0,0,0,0,0,0,0,0,0,0,0,0,0,0,0,0,0,0,0,0,0,0,0,0,0,0,0,0,0,0,0,0,0,0,0,0,117
0,0,1,0,0,0,0,0,0,0,0,0,0,0,0,0,0,0,0,0,0,0,0,0,0,0,0,0,0,0,0,0,0,0,0,0,0,0,0,0,0,0,0,0,0,0,0,0,0,0,0,0,0,0,0,0,0,0,0,0,0,0,0,0,0,0,0,0,0,0,0,0,0,118
0,0,0,0,0,4.39029744265174e-4,0,0,0,0,0,0,0,0,0,0,0,0,0,0,0,6.585446163977609e-4,0,0,0,0.9062671495993854,0,0,0,0,0,0,0,0,0,0,0,0,0,0,0,0,0,0,0,0,0,0,0.05872022829546702,0,0,0,0,0,0,0,0,0,0,0.033915047744484686,0,0,0,0,0,0,0,0,0,0,0,0,0,119
0,0,1,0,0,0,0,0,0,0,0,0,0,0,0,0,0,0,0,0,0,0,0,0,0,0,0,0,0,0,0,0,0,0,0,0,0,0,0,0,0,0,0,0,0,0,0,0,0,0,0,0,0,0,0,0,0,0,0,0,0,0,0,0,0,0,0,0,0,0,0,0,0,120
0,0,0,0.03656618610747051,0,0,0,0,0,0,0,0,0,0.27492354740061165,0,0,0,0,0,0,0.3963739624290083,0,0,0,0,0,0,0,0,0,0,0,0,0,0,0,0,0,0.290694626474443,0,0,0,0,0,0,0,0,0,0,0,0,0,0,0,0,0,0,0,0,0.0014416775884665792,0,0,0,0,0,0,0,0,0,0,0,0,0,121
0,0,0,0,0,0,0,0,0,0,0,0,0,0,0,0,0,0,0,0,0,0,0,0,0,0,0,0,0,0,0,0,0,0,0,0,0,0,0,0,0,0,0,0,0,0,0,0,0,0,0,0,0,0,0,0,0,0,0,0,0,0,0,0,0,0,0,0,0,1,0,0,0,122
0,0,0.002409396646923,5.019576347756249e-4,0,0,0,0,0.996787471137436,0,0,0,0,0,0,0,0,0,0,0,0,0,0,0,0,0,0,0,0,0,0,0,0,0,0,0,3.01174580865375e-4,0,0,0,0,0,0,0,0,0,0,0,0,0,0,0,0,0,0,0,0,0,0,0,0,0,0,0,0,0,0,0,0,0,0,0,0,123
0,0,0,0,0,0,0,0,0,0,0,0,0,0,0,0,0,0,0,0,0,0,0,0,0,0,0,0,0,0,0,0,0,0,0,0,0,0,0,0,0,0,0,0,1,0,0,0,0,0,0,0,0,0,0,0,0,0,0,0,0,0,0,0,0,0,0,0,0,0,0,0,0,124
0.8953676170925722,1.9622345323089464e-4,0,0,0,1.8112934144390273e-4,0,0,1.3584700608292705e-4,0,0,0,0,9.056467072195136e-5,0,6.037644714796758e-5,0,0,0,0,0,1.9622345323089464e-4,0,0,0,0.0036527750524520384,0,0,0,0,0,0,0,0,0,0.0010263996015154489,6.037644714796758e-5,0,0,0.09432310455691235,0,0,0,0.0026565636745105735,0,2.716940121658541e-4,0,0,0,0,0,0,0,0,0,0,0,0,0,0,0.0017811051908650434,0,0,0,0,0,0,0,0,0,0,0,0,125
0.7811692885653909,0,0.010532318116258009,0.01237715090732231,0,0,0,0,0,0,0,0,0,0.07607419582061517,0,0.08147452453627613,0,0,0,0,0,1.6771207191493645e-4,0,0,0,0,0,0,0,0,0,0,0,0,0,0,0,0,0,0,0,0,0,0,0,0,0,0,0,0,0,0,0,0.03820480998222252,0,0,0,0,0,0,0,0,0,0,0,0,0,0,0,0,0,0,0,126
0,0,0,0,0,0,0,0,0,0,0,0,0,0,0,0,0,0,0,0,0,0,0,0,0,1,0,0,0,0,0,0,0,0,0,0,0,0,0,0,0,0,0,0,0,0,0,0,0,0,0,0,0,0,0,0,0,0,0,0,0,0,0,0,0,0,0,0,0,0,0,0,0,127
0,0,0,0,0,0,0,0,0,0,0,0,0,0,0,0,0,0,0,0,0,0,0,0,0,0,0,0,0,0,0,0,1,0,0,0,0,0,0,0,0,0,0,0,0,0,0,0,0,0,0,0,0,0,0,0,0,0,0,0,0,0,0,0,0,0,0,0,0,0,0,0,0,128
0,0,0,0,0,0,0,0,0,0,0,0,0,0,0,0,0,0,0,0,0,0,0,0,0,0,0,0,0,0,0,0,1,0,0,0,0,0,0,0,0,0,0,0,0,0,0,0,0,0,0,0,0,0,0,0,0,0,0,0,0,0,0,0,0,0,0,0,0,0,0,0,0,129
0,0,0,0,0,0,0,0,0,0,0,0,0,1,0,0,0,0,0,0,0,0,0,0,0,0,0,0,0,0,0,0,0,0,0,0,0,0,0,0,0,0,0,0,0,0,0,0,0,0,0,0,0,0,0,0,0,0,0,0,0,0,0,0,0,0,0,0,0,0,0,0,0,130
0,0.719549305041533,0,0,0,0,3.0155988705211505e-4,0,0,0,0,0,1.3707267593277955e-4,0,8.224360555966774e-5,0,0,0,0,0,0,0,0,0,0,0,0.2744194972174247,0,0,1.0965814074622365e-4,0,0,0,0,1.6448721111933547e-4,0,0,0,0,0,0,0,0,0,0.00496203086876662,2.741453518655591e-4,0,0,0,0,0,0,0,0,0,0,0,0,0,0,0,0,0,0,0,0,0,0,0,0,0,0,0,131
0,0,0.3884654994850669,0,0,0,0,0,0,0,0,0,0,0,0,0,0,0,0,0,0,0.6107106076210093,0,0,0,0,0,0,0,0,0,0,0,0,0,0,0,0,0,0,0,0,0,0,0,8.238928939237899e-4,0,0,0,0,0,0,0,0,0,0,0,0,0,0,0,0,0,0,0,0,0,0,0,0,0,0,0,132
0,0,0,0,0,0,0,0,0,0,0,0,0,0,0,0,0,0,0,1,0,0,0,0,0,0,0,0,0,0,0,0,0,0,0,0,0,0,0,0,0,0,0,0,0,0,0,0,0,0,0,0,0,0,0,0,0,0,0,0,0,0,0,0,0,0,0,0,0,0,0,0,0,133
0.47104430379746837,0,0,0,0,0,0,0,0,0,0,0,0,0,0,0,0,0,0,0,0.5257911392405064,0,0,0,0,0,0,0,0,0,0,0,0,0,0,0,0,0,0,0,0,0,0,0,0,0,0,0,0,0,0,0,0,0,0,0,0,0,0,0,0,0,0,0,0,0,0,0,0,0,0,0,0.0031645569620253164,134
0,0,0,0.024102435350238514,0,0,0,0,0,0,0,0,0,0,0,0,0,0,0,0,0,0,0,0,0,0,0,0.5322621139844338,0,0,0,0,0,0,0,0,0,0,0,0,0,0,0,0,0,0,0,0,0,0,0,0,0,0,0,0,0,0,0,0,0,0.3560130554858147,0,0,0,0,0,0.08762239517951292,0,0,0,0,0,135
0.05838750142547611,0,0,0,0,0,0,0,0,0,0,0,0,0,0,0,0,0,0,0,0,0,0,0,0,0,0,0,0,0,0,0,0,0,0,0,0.9205154521610218,0,0.02109704641350211,0,0,0,0,0,0,0,0,0,0,0,0,0,0,0,0,0,0,0,0,0,0,0,0,0,0,0,0,0,0,0,0,0,0,136
0,0,0,0,0,0,0,0,0,0,0,0,0,0,0,0,0,1,0,0,0,0,0,0,0,0,0,0,0,0,0,0,0,0,0,0,0,0,0,0,0,0,0,0,0,0,0,0,0,0,0,0,0,0,0,0,0,0,0,0,0,0,0,0,0,0,0,0,0,0,0,0,0,137
0,0,0.0021545532892846882,0.07244086948194964,0,0,0,0,0,0,0,0,0.22938810686584316,0,0,0,0,0,0,0,0,0,0,0,0,0,0,0,0,9.575792396820837e-5,0,0,0,0.6959207124389544,0,0,0,0,0,0,0,0,0,0,0,0,0,0,0,0,0,0,0,0,0,0,0,0,0,0,0,0,0,0,0,0,0,0,0,0,0,0,0,138
0,0,0.9995922112345805,0,0,0,0,0,0,0,0,0,0,0,0,0,0,0,0,0,0,4.077887654195127e-4,0,0,0,0,0,0,0,0,0,0,0,0,0,0,0,0,0,0,0,0,0,0,0,0,0,0,0,0,0,0,0,0,0,0,0,0,0,0,0,0,0,0,0,0,0,0,0,0,0,0,0,139
0,1.7792011386887289e-4,0,0,0,0,0,0,0,0,0,0,0,0,0,0,0,0,0,0,0,0,0,0,0.9998220798861311,0,0,0,0,0,0,0,0,0,0,0,0,0,0,0,0,0,0,0,0,0,0,0,0,0,0,0,0,0,0,0,0,0,0,0,0,0,0,0,0,0,0,0,0,0,0,0,0,140
0,0,0.18030362008563644,0.032152588555858314,0,0,0,0,0.10144024912417283,0,0,0,0,0,1.557026080186843e-4,0.19439470611132736,0,0,0,0,0,0,0,0.13694044375243286,0,0,0,0,0,0,0,0,0,0.10541066562864929,0,0,0,0,0,0,0,0,0,0,0,0.004359673024523161,0,0,0,0,0,0,0,0,0,0,0,0.24484235110938107,0,0,0,0,0,0,0,0,0,0,0,0,0,0,0,141
0,0,0.16277867528271406,0.16148626817447495,0,0,0,0,0,0,0,0,0,0,0,0.6756058158319871,0,0,0,1.2924071082390953e-4,0,0,0,0,0,0,0,0,0,0,0,0,0,0,0,0,0,0,0,0,0,0,0,0,0,0,0,0,0,0,0,0,0,0,0,0,0,0,0,0,0,0,0,0,0,0,0,0,0,0,0,0,0,142
0,0,0,0.006211687780956273,0,0,0,0,0,0,0,0.5295463833265223,0,0,2.4519820187985286e-4,0,0,0,0,0,0,0,0,0,0,0,0,0,0,0,0,0,0,0,0,0,0,0,0,0,0.4603187576624438,0,0,0,0,5.721291377196567e-4,0,0,0,0,0,0,0,0,0,0,0,0,0,0,0,0,0,0,0,0,0,0,0,0.0031058438904781366,0,0,0,143
0,0.2581818181818182,0.3610831721470019,0,0,2.321083172147002e-4,0,0,0,0,0,0,0,0,0,0,0,0,0,0,0,3.094777562862669e-4,0,0,0,0,0,0,0,0,0,0,0,0,0,0,0,0,0,0,0,0,0,0,0,0,0.38019342359767894,0,0,0,0,0,0,0,0,0,0,0,0,0,0,0,0,0,0,0,0,0,0,0,0,0,0,144
0,0,0,0,0,0,0,0,1,0,0,0,0,0,0,0,0,0,0,0,0,0,0,0,0,0,0,0,0,0,0,0,0,0,0,0,0,0,0,0,0,0,0,0,0,0,0,0,0,0,0,0,0,0,0,0,0,0,0,0,0,0,0,0,0,0,0,0,0,0,0,0,0,145
0,0,0,0,0,0,0,0,0,0,0,0,0,0,0,0,0,0,0,0,0,0,0,0,0,0.6381059751972943,0,0,0,0,0,0,0,0,0,0,0,0,0,0,0,0,0,0,0,0,0,0,0,0,0,0,0,0,0,0,0.36189402480270577,0,0,0,0,0,0,0,0,0,0,0,0,0,0,0,0,146
0,0,0.7694610778443114,0,0,0,0,0,0,0,0,0,0,0,0,0,0,0,0,0,0,0,0,0,0,0,0,0,0,0,0,0,0,0,0,0,0,0,0,0,0,0,0,0,0,0,0,0,0,0,0,0,0,0,0,0,0,0,0,0,0,0,0,0,0,0,0,0,0,0.23053892215568864,0,0,0,147
